{"content": {"suites": {"0": {"status": {"total_pass": 0, "total_skip": 0, "total_xpass": 0, "total_xfail": 0, "total_rerun": 0, "total_fail": 2, "total_error": 0}, "tests": {"0": {"status": "FAIL", "message": "   AttributeError: 'NoneType' object has no attribute 'launch'\n", "test_name": "test_first_case", "rerun": "0"}, "1": {"status": "FAIL", "message": "   AttributeError: 'NoneType' object has no attribute 'launch'\n", "test_name": "test_second_case", "rerun": "0"}}, "suite_name": "test_selenium_fixture.py"}}}, "date": "January 18, 2021", "start_time": 1610945231, "total_suite": 1, "status": "FAIL", "status_list": {"pass": "0", "fail": "2", "skip": "0", "error": "0", "xpass": "0", "xfail": "0", "rerun": "0"}, "total_tests": "2"}