{"content": {"suites": {"0": {"status": {"total_pass": 1, "total_skip": 0, "total_xpass": 0, "total_xfail": 0, "total_rerun": 0, "total_fail": 1, "total_error": 0}, "tests": {"0": {"status": "FAIL", "message": "   assert 200 == 300\n     +200\n     -300\n", "test_name": "test_multiply", "rerun": "0"}, "1": {"status": "PASS", "message": "", "test_name": "test_subs", "rerun": "0"}}, "suite_name": "test_group.py"}}}, "date": "January 18, 2021", "start_time": 1610943598, "total_suite": 1, "status": "FAIL", "status_list": {"pass": "1", "fail": "1", "skip": "0", "error": "0", "xpass": "0", "xfail": "0", "rerun": "0"}, "total_tests": "2"}