{"content": {"suites": {"0": {"status": {"total_pass": 6, "total_skip": 0, "total_xpass": 0, "total_xfail": 0, "total_rerun": 0, "total_fail": 2, "total_error": 0}, "tests": {"0": {"status": "PASS", "message": "", "test_name": "test_print", "rerun": "0"}, "1": {"status": "PASS", "message": "", "test_name": "test_divition", "rerun": "0"}, "2": {"status": "FAIL", "message": "   assert (10 * 20) == 300\n", "test_name": "test_multiply", "rerun": "0"}, "3": {"status": "PASS", "message": "", "test_name": "test_subs", "rerun": "0"}, "4": {"status": "PASS", "message": "", "test_name": "test_print1", "rerun": "0"}, "5": {"status": "PASS", "message": "", "test_name": "test_divition1", "rerun": "0"}, "6": {"status": "FAIL", "message": "   assert (10 * 20) == 300\n", "test_name": "test_multiply1", "rerun": "0"}, "7": {"status": "PASS", "message": "", "test_name": "test_subs1", "rerun": "0"}}, "suite_name": "test_group.py"}}}, "date": "January 18, 2021", "start_time": 1610943377, "total_suite": 1, "status": "FAIL", "status_list": {"pass": "6", "fail": "2", "skip": "0", "error": "0", "xpass": "0", "xfail": "0", "rerun": "0"}, "total_tests": "8"}