{"content": {"suites": {"0": {"status": {"total_pass": 4, "total_skip": 0, "total_xpass": 0, "total_xfail": 0, "total_rerun": 0, "total_fail": 1, "total_error": 0}, "tests": {"0": {"status": "PASS", "message": "", "test_name": "test_home_price", "rerun": "0"}, "1": {"status": "FAIL", "message": "   AttributeError: 'WebElement' object has no attribute 'claer'\n", "test_name": "test_downpayment", "rerun": "0"}, "2": {"status": "PASS", "message": "", "test_name": "test_loanayment", "rerun": "0"}, "3": {"status": "PASS", "message": "", "test_name": "test_interestrate", "rerun": "0"}, "4": {"status": "PASS", "message": "", "test_name": "test_startdate", "rerun": "0"}}, "suite_name": "test_with_conftest/test_mortgate_cal.py"}}}, "date": "January 21, 2021", "start_time": 1611203088, "total_suite": 1, "status": "FAIL", "status_list": {"pass": "4", "fail": "1", "skip": "0", "error": "0", "xpass": "0", "xfail": "0", "rerun": "0"}, "total_tests": "5"}