{"content": {"suites": {"0": {"status": {"total_pass": 1, "total_skip": 0, "total_xpass": 0, "total_xfail": 0, "total_rerun": 0, "total_fail": 0, "total_error": 0}, "tests": {"0": {"status": "PASS", "message": "", "test_name": "test_mortage", "rerun": "0"}}, "suite_name": "test_with_conftest/test_mortgate_cal.py"}, "1": {"suite_name": "test_with_conftest/test_regression.py", "tests": {"0": {"status": "FAIL", "message": "   selenium.common.exceptions.InvalidSessionIdException: Message: invalid session id\n", "test_name": "test_downpayment", "rerun": "0"}}, "status": {"total_pass": 0, "total_skip": 0, "total_xpass": 0, "total_xfail": 0, "total_rerun": 0, "total_fail": 1, "total_error": 0}}}}, "date": "January 21, 2021", "start_time": 1611200632, "total_suite": 2, "status": "FAIL", "status_list": {"pass": "1", "fail": "1", "skip": "0", "error": "0", "xpass": "0", "xfail": "0", "rerun": "0"}, "total_tests": "2"}