{"content": {"suites": {"0": {"status": {"total_pass": 1, "total_skip": 0, "total_xpass": 0, "total_xfail": 0, "total_rerun": 0, "total_fail": 0, "total_error": 0}, "tests": {"0": {"status": "PASS", "message": "", "test_name": "test_mortage", "rerun": "0"}}, "suite_name": "test_with_conftest/test_mortgate_cal.py"}, "1": {"suite_name": "test_with_conftest/test_regression.py", "tests": {"0": {"status": "ERROR", "message": "@pytest.fixture(scope=\"module\")\n    def setup():\n>       driver.maximize_window()\n\ntest_with_conftest\\conftest.py:9: \n_ _ _ _ _ _ _ _ _ _ _ _ _ _ _ _ _ _ _ _ _ _ _ _ _ _ _ _ _ _ _ _ _ _ _ _ _ _ _ _ _ _ _ _ _ _ _ _ _ _ _ _ _ _ _ _ _ _ _ _ _ _ _ _ _ _ _ _\nc:\\python39-32\\lib\\site-packages\\selenium\\webdriver\\remote\\webdriver.py:737: in maximize_window\n    self.execute(command, params)\nc:\\python39-32\\lib\\site-packages\\selenium\\webdriver\\remote\\webdriver.py:321: in execute\n    self.error_handler.check_response(response)\n_ _ _ _ _ _ _ _ _ _ _ _ _ _ _ _ _ _ _ _ _ _ _ _ _ _ _ _ _ _ _ _ _ _ _ _ _ _ _ _ _ _ _ _ _ _ _ _ _ _ _ _ _ _ _ _ _ _ _ _ _ _ _ _ _ _ _ _\n\nself = <selenium.webdriver.remote.errorhandler.ErrorHandler object at 0x000002794DEA2070>\nresponse = {'status': 404, 'value': '{\"value\":{\"error\":\"invalid session id\",\"message\":\"invalid session id\",\"stacktrace\":\"Backtrac...\\n\\\\tRtlGetAppContainerNamedObjectPath [0x771B75F4+228]\\\\n\\\\tRtlGetAppContainerNamedObjectPath [0x771B75C4+180]\\\\n\"}}'}\n\n    def check_response(self, response):\n        \"\"\"\n        Checks that a JSON response from the WebDriver does not have an error.\n    \n        :Args:\n         - response - The JSON response from the WebDriver server as a dictionary\n           object.\n    \n        :Raises: If the response contains an error message.\n        \"\"\"\n        status = response.get('status', None)\n        if status is None or status == ErrorCode.SUCCESS:\n            return\n        value = None\n        message = response.get(\"message\", \"\")\n        screen = response.get(\"screen\", \"\")\n        stacktrace = None\n        if isinstance(status, int):\n            value_json = response.get('value', None)\n            if value_json and isinstance(value_json, basestring):\n                import json\n                try:\n                    value = json.loads(value_json)\n                    if len(value.keys()) == 1:\n                        value = value['value']\n                    status = value.get('error', None)\n                    if status is None:\n                        status = value[\"status\"]\n                        message = value[\"value\"]\n                        if not isinstance(message, basestring):\n                            value = message\n                            message = message.get('message')\n                    else:\n                        message = value.get('message', None)\n                except ValueError:\n                    pass\n    \n        exception_class = ErrorInResponseException\n        if status in ErrorCode.NO_SUCH_ELEMENT:\n            exception_class = NoSuchElementException\n        elif status in ErrorCode.NO_SUCH_FRAME:\n            exception_class = NoSuchFrameException\n        elif status in ErrorCode.NO_SUCH_WINDOW:\n            exception_class = NoSuchWindowException\n        elif status in ErrorCode.STALE_ELEMENT_REFERENCE:\n            exception_class = StaleElementReferenceException\n        elif status in ErrorCode.ELEMENT_NOT_VISIBLE:\n            exception_class = ElementNotVisibleException\n        elif status in ErrorCode.INVALID_ELEMENT_STATE:\n            exception_class = InvalidElementStateException\n        elif status in ErrorCode.INVALID_SELECTOR \\\n                or status in ErrorCode.INVALID_XPATH_SELECTOR \\\n                or status in ErrorCode.INVALID_XPATH_SELECTOR_RETURN_TYPER:\n            exception_class = InvalidSelectorException\n        elif status in ErrorCode.ELEMENT_IS_NOT_SELECTABLE:\n            exception_class = ElementNotSelectableException\n        elif status in ErrorCode.ELEMENT_NOT_INTERACTABLE:\n            exception_class = ElementNotInteractableException\n        elif status in ErrorCode.INVALID_COOKIE_DOMAIN:\n            exception_class = InvalidCookieDomainException\n        elif status in ErrorCode.UNABLE_TO_SET_COOKIE:\n            exception_class = UnableToSetCookieException\n        elif status in ErrorCode.TIMEOUT:\n            exception_class = TimeoutException\n        elif status in ErrorCode.SCRIPT_TIMEOUT:\n            exception_class = TimeoutException\n        elif status in ErrorCode.UNKNOWN_ERROR:\n            exception_class = WebDriverException\n        elif status in ErrorCode.UNEXPECTED_ALERT_OPEN:\n            exception_class = UnexpectedAlertPresentException\n        elif status in ErrorCode.NO_ALERT_OPEN:\n            exception_class = NoAlertPresentException\n        elif status in ErrorCode.IME_NOT_AVAILABLE:\n            exception_class = ImeNotAvailableException\n        elif status in ErrorCode.IME_ENGINE_ACTIVATION_FAILED:\n            exception_class = ImeActivationFailedException\n        elif status in ErrorCode.MOVE_TARGET_OUT_OF_BOUNDS:\n            exception_class = MoveTargetOutOfBoundsException\n        elif status in ErrorCode.JAVASCRIPT_ERROR:\n            exception_class = JavascriptException\n        elif status in ErrorCode.SESSION_NOT_CREATED:\n            exception_class = SessionNotCreatedException\n        elif status in ErrorCode.INVALID_ARGUMENT:\n            exception_class = InvalidArgumentException\n        elif status in ErrorCode.NO_SUCH_COOKIE:\n            exception_class = NoSuchCookieException\n        elif status in ErrorCode.UNABLE_TO_CAPTURE_SCREEN:\n            exception_class = ScreenshotException\n        elif status in ErrorCode.ELEMENT_CLICK_INTERCEPTED:\n            exception_class = ElementClickInterceptedException\n        elif status in ErrorCode.INSECURE_CERTIFICATE:\n            exception_class = InsecureCertificateException\n        elif status in ErrorCode.INVALID_COORDINATES:\n            exception_class = InvalidCoordinatesException\n        elif status in ErrorCode.INVALID_SESSION_ID:\n            exception_class = InvalidSessionIdException\n        elif status in ErrorCode.UNKNOWN_METHOD:\n            exception_class = UnknownMethodException\n        else:\n            exception_class = WebDriverException\n        if value == '' or value is None:\n            value = response['value']\n        if isinstance(value, basestring):\n            if exception_class == ErrorInResponseException:\n                raise exception_class(response, value)\n            raise exception_class(value)\n        if message == \"\" and 'message' in value:\n            message = value['message']\n    \n        screen = None\n        if 'screen' in value:\n            screen = value['screen']\n    \n        stacktrace = None\n        if 'stackTrace' in value and value['stackTrace']:\n            stacktrace = []\n            try:\n                for frame in value['stackTrace']:\n                    line = self._value_or_default(frame, 'lineNumber', '')\n                    file = self._value_or_default(frame, 'fileName', '<anonymous>')\n                    if line:\n                        file = \"%s:%s\" % (file, line)\n                    meth = self._value_or_default(frame, 'methodName', '<anonymous>')\n                    if 'className' in frame:\n                        meth = \"%s.%s\" % (frame['className'], meth)\n                    msg = \"    at %s (%s)\"\n                    msg = msg % (meth, file)\n                    stacktrace.append(msg)\n            except TypeError:\n                pass\n        if exception_class == ErrorInResponseException:\n            raise exception_class(response, message)\n        elif exception_class == UnexpectedAlertPresentException:\n            alert_text = None\n            if 'data' in value:\n                alert_text = value['data'].get('text')\n            elif 'alert' in value:\n                alert_text = value['alert'].get('text')\n            raise exception_class(message, screen, stacktrace, alert_text)\n>       raise exception_class(message, screen, stacktrace)\nE       selenium.common.exceptions.InvalidSessionIdException: Message: invalid session id\n\nc:\\python39-32\\lib\\site-packages\\selenium\\webdriver\\remote\\errorhandler.py:242: InvalidSessionIdException\n", "test_name": "test_downpayment", "rerun": "0"}}, "status": {"total_pass": 0, "total_skip": 0, "total_xpass": 0, "total_xfail": 0, "total_rerun": 0, "total_fail": 0, "total_error": 1}}}}, "date": "January 21, 2021", "start_time": 1611200591, "total_suite": 2, "status": "FAIL", "status_list": {"pass": "1", "fail": "0", "skip": "0", "error": "1", "xpass": "0", "xfail": "0", "rerun": "0"}, "total_tests": "2"}